{
  "Map": [
    [
      [],
      [],
      [],
      [],
      [],
      [],
      [],
      [],
      [],
      [],
      [],
      [],
      [],
      [],
      [],
      [],
      [],
      [],
      [],
      []
    ],
    [
      [],
      [],
      [],
      [],
      [],
      [],
      [],
      [],
      [],
      [],
      [],
      [],
      [],
      [],
      [],
      [],
      [],
      [],
      [],
      []
    ],
    [
      [],
      [],
      [],
      [],
      [],
      [],
      [],
      [],
      [],
      [],
      [],
      [],
      [],
      [],
      [],
      [],
      [],
      [],
      [],
      []
    ],
    [
      [],
      [],
      [],
      [],
      [],
      [],
      [],
      [],
      [],
      [],
      [],
      [
        {
          "active": true,
          "StateChanged": false,
          "modelID": "Brick",
          "MapPosXY": {
            "x": 3,
            "y": 11,
            "magnitude": 11.401754,
            "sqrMagnitude": 130
          },
          "floatPos": {
            "X": 0.0,
            "Y": 0.0
          },
          "GravityData": null
        }
      ],
      [],
      [],
      [],
      [],
      [],
      [],
      [],
      []
    ],
    [
      [],
      [],
      [],
      [],
      [],
      [],
      [],
      [],
      [],
      [],
      [],
      [
        {
          "active": true,
          "StateChanged": false,
          "modelID": "Brick",
          "MapPosXY": {
            "x": 4,
            "y": 11,
            "magnitude": 11.7046995,
            "sqrMagnitude": 137
          },
          "floatPos": {
            "X": 0.0,
            "Y": 0.0
          },
          "GravityData": null
        }
      ],
      [],
      [],
      [],
      [],
      [],
      [],
      [],
      []
    ],
    [
      [],
      [],
      [],
      [],
      [],
      [],
      [],
      [
        {
          "$type": "Models.descendants.ByInstance.SnakeHead, Models",
          "bodies": [
            {
              "bodynum": 1,
              "OwnerNum": 0,
              "modifier": 1,
              "active": true,
              "StateChanged": false,
              "modelID": "SnakeBody",
              "MapPosXY": {
                "x": 6,
                "y": 7,
                "magnitude": 9.219544,
                "sqrMagnitude": 85
              },
              "floatPos": {
                "X": 6.0,
                "Y": 7.0
              },
              "GravityData": null
            },
            {
              "bodynum": 2,
              "OwnerNum": 0,
              "modifier": 0,
              "active": true,
              "StateChanged": false,
              "modelID": "SnakeBody",
              "MapPosXY": {
                "x": 7,
                "y": 7,
                "magnitude": 9.899495,
                "sqrMagnitude": 98
              },
              "floatPos": {
                "X": 7.0,
                "Y": 7.0
              },
              "GravityData": null
            },
            {
              "bodynum": 3,
              "OwnerNum": 0,
              "modifier": 1,
              "active": true,
              "StateChanged": false,
              "modelID": "SnakeBody",
              "MapPosXY": {
                "x": 7,
                "y": 8,
                "magnitude": 10.630146,
                "sqrMagnitude": 113
              },
              "floatPos": {
                "X": 7.0,
                "Y": 8.0
              },
              "GravityData": null
            }
          ],
          "DeathUnder": false,
          "OwnerNum": 0,
          "modifier": 0,
          "active": true,
          "StateChanged": false,
          "modelID": "SnakeHead",
          "MapPosXY": {
            "x": 5,
            "y": 7,
            "magnitude": 8.602325,
            "sqrMagnitude": 74
          },
          "floatPos": {
            "X": 5.0,
            "Y": 7.0
          },
          "GravityData": {
            "fallCount": 0,
            "Fix": false,
            "UnderExamination": false,
            "Examined": false,
            "GotDestroyed": false
          }
        }
      ],
      [],
      [],
      [
        {
          "$type": "Models.descendants.ByInstance.SnakeBody, Models",
          "bodynum": 3,
          "OwnerNum": 1,
          "modifier": 1,
          "active": true,
          "StateChanged": false,
          "modelID": "SnakeBody",
          "MapPosXY": {
            "x": 5,
            "y": 10,
            "magnitude": 11.18034,
            "sqrMagnitude": 125
          },
          "floatPos": {
            "X": 5.0,
            "Y": 10.0
          },
          "GravityData": null
        }
      ],
      [
        {
          "active": true,
          "StateChanged": false,
          "modelID": "Brick",
          "MapPosXY": {
            "x": 5,
            "y": 11,
            "magnitude": 12.083046,
            "sqrMagnitude": 146
          },
          "floatPos": {
            "X": 0.0,
            "Y": 0.0
          },
          "GravityData": null
        }
      ],
      [],
      [],
      [],
      [],
      [],
      [],
      [],
      []
    ],
    [
      [],
      [],
      [],
      [],
      [],
      [],
      [],
      [
        {
          "$type": "Models.descendants.ByInstance.SnakeBody, Models",
          "bodynum": 1,
          "OwnerNum": 0,
          "modifier": 1,
          "active": true,
          "StateChanged": false,
          "modelID": "SnakeBody",
          "MapPosXY": {
            "x": 6,
            "y": 7,
            "magnitude": 9.219544,
            "sqrMagnitude": 85
          },
          "floatPos": {
            "X": 6.0,
            "Y": 7.0
          },
          "GravityData": null
        }
      ],
      [
        {
          "$type": "Models.descendants.ByInstance.SnakeHead, Models",
          "bodies": [
            {
              "bodynum": 1,
              "OwnerNum": 1,
              "modifier": 1,
              "active": true,
              "StateChanged": false,
              "modelID": "SnakeBody",
              "MapPosXY": {
                "x": 6,
                "y": 9,
                "magnitude": 10.816654,
                "sqrMagnitude": 117
              },
              "floatPos": {
                "X": 6.0,
                "Y": 9.0
              },
              "GravityData": null
            },
            {
              "bodynum": 2,
              "OwnerNum": 1,
              "modifier": 0,
              "active": true,
              "StateChanged": false,
              "modelID": "SnakeBody",
              "MapPosXY": {
                "x": 6,
                "y": 10,
                "magnitude": 11.661903,
                "sqrMagnitude": 136
              },
              "floatPos": {
                "X": 6.0,
                "Y": 10.0
              },
              "GravityData": null
            },
            {
              "bodynum": 3,
              "OwnerNum": 1,
              "modifier": 1,
              "active": true,
              "StateChanged": false,
              "modelID": "SnakeBody",
              "MapPosXY": {
                "x": 5,
                "y": 10,
                "magnitude": 11.18034,
                "sqrMagnitude": 125
              },
              "floatPos": {
                "X": 5.0,
                "Y": 10.0
              },
              "GravityData": null
            }
          ],
          "DeathUnder": false,
          "OwnerNum": 1,
          "modifier": 0,
          "active": true,
          "StateChanged": false,
          "modelID": "SnakeHead",
          "MapPosXY": {
            "x": 6,
            "y": 8,
            "magnitude": 10.0,
            "sqrMagnitude": 100
          },
          "floatPos": {
            "X": 6.0,
            "Y": 8.0
          },
          "GravityData": {
            "fallCount": 0,
            "Fix": false,
            "UnderExamination": false,
            "Examined": false,
            "GotDestroyed": false
          }
        }
      ],
      [
        {
          "$type": "Models.descendants.ByInstance.SnakeBody, Models",
          "bodynum": 1,
          "OwnerNum": 1,
          "modifier": 1,
          "active": true,
          "StateChanged": false,
          "modelID": "SnakeBody",
          "MapPosXY": {
            "x": 6,
            "y": 9,
            "magnitude": 10.816654,
            "sqrMagnitude": 117
          },
          "floatPos": {
            "X": 6.0,
            "Y": 9.0
          },
          "GravityData": null
        }
      ],
      [
        {
          "$type": "Models.descendants.ByInstance.SnakeBody, Models",
          "bodynum": 2,
          "OwnerNum": 1,
          "modifier": 0,
          "active": true,
          "StateChanged": false,
          "modelID": "SnakeBody",
          "MapPosXY": {
            "x": 6,
            "y": 10,
            "magnitude": 11.661903,
            "sqrMagnitude": 136
          },
          "floatPos": {
            "X": 6.0,
            "Y": 10.0
          },
          "GravityData": null
        }
      ],
      [
        {
          "active": true,
          "StateChanged": false,
          "modelID": "Brick",
          "MapPosXY": {
            "x": 6,
            "y": 11,
            "magnitude": 12.529964,
            "sqrMagnitude": 157
          },
          "floatPos": {
            "X": 0.0,
            "Y": 0.0
          },
          "GravityData": null
        }
      ],
      [],
      [],
      [],
      [],
      [],
      [],
      [],
      []
    ],
    [
      [],
      [],
      [],
      [],
      [],
      [],
      [],
      [
        {
          "$type": "Models.descendants.ByInstance.SnakeBody, Models",
          "bodynum": 2,
          "OwnerNum": 0,
          "modifier": 0,
          "active": true,
          "StateChanged": false,
          "modelID": "SnakeBody",
          "MapPosXY": {
            "x": 7,
            "y": 7,
            "magnitude": 9.899495,
            "sqrMagnitude": 98
          },
          "floatPos": {
            "X": 7.0,
            "Y": 7.0
          },
          "GravityData": null
        }
      ],
      [
        {
          "$type": "Models.descendants.ByInstance.SnakeBody, Models",
          "bodynum": 3,
          "OwnerNum": 0,
          "modifier": 1,
          "active": true,
          "StateChanged": false,
          "modelID": "SnakeBody",
          "MapPosXY": {
            "x": 7,
            "y": 8,
            "magnitude": 10.630146,
            "sqrMagnitude": 113
          },
          "floatPos": {
            "X": 7.0,
            "Y": 8.0
          },
          "GravityData": null
        }
      ],
      [],
      [],
      [
        {
          "active": true,
          "StateChanged": false,
          "modelID": "Brick",
          "MapPosXY": {
            "x": 7,
            "y": 11,
            "magnitude": 13.038404,
            "sqrMagnitude": 170
          },
          "floatPos": {
            "X": 0.0,
            "Y": 0.0
          },
          "GravityData": null
        }
      ],
      [],
      [],
      [],
      [],
      [],
      [],
      [],
      []
    ],
    [
      [],
      [],
      [],
      [],
      [],
      [],
      [],
      [],
      [],
      [],
      [],
      [],
      [],
      [],
      [],
      [],
      [],
      [],
      [],
      []
    ],
    [
      [],
      [],
      [],
      [],
      [],
      [],
      [],
      [],
      [],
      [],
      [],
      [],
      [],
      [],
      [],
      [],
      [],
      [],
      [],
      []
    ],
    [
      [],
      [],
      [],
      [],
      [],
      [],
      [],
      [],
      [],
      [],
      [],
      [],
      [],
      [],
      [],
      [],
      [],
      [],
      [],
      []
    ],
    [
      [],
      [],
      [],
      [],
      [],
      [],
      [],
      [],
      [],
      [],
      [],
      [],
      [],
      [],
      [],
      [],
      [],
      [],
      [],
      []
    ],
    [
      [],
      [],
      [],
      [],
      [],
      [],
      [],
      [],
      [],
      [],
      [],
      [
        {
          "active": true,
          "StateChanged": false,
          "modelID": "Brick",
          "MapPosXY": {
            "x": 12,
            "y": 11,
            "magnitude": 16.27882,
            "sqrMagnitude": 265
          },
          "floatPos": {
            "X": 0.0,
            "Y": 0.0
          },
          "GravityData": null
        }
      ],
      [],
      [],
      [],
      [],
      [],
      [],
      [],
      []
    ],
    [
      [],
      [],
      [],
      [],
      [],
      [],
      [],
      [],
      [],
      [],
      [],
      [
        {
          "active": true,
          "StateChanged": false,
          "modelID": "Brick",
          "MapPosXY": {
            "x": 13,
            "y": 11,
            "magnitude": 17.029387,
            "sqrMagnitude": 290
          },
          "floatPos": {
            "X": 0.0,
            "Y": 0.0
          },
          "GravityData": null
        }
      ],
      [],
      [],
      [],
      [],
      [],
      [],
      [],
      []
    ],
    [
      [],
      [],
      [],
      [],
      [],
      [],
      [],
      [],
      [],
      [],
      [],
      [
        {
          "active": true,
          "StateChanged": false,
          "modelID": "Brick",
          "MapPosXY": {
            "x": 14,
            "y": 11,
            "magnitude": 17.804493,
            "sqrMagnitude": 317
          },
          "floatPos": {
            "X": 0.0,
            "Y": 0.0
          },
          "GravityData": null
        }
      ],
      [],
      [],
      [],
      [],
      [],
      [],
      [],
      []
    ],
    [
      [],
      [],
      [],
      [],
      [],
      [],
      [],
      [],
      [],
      [],
      [],
      [
        {
          "active": true,
          "StateChanged": false,
          "modelID": "Brick",
          "MapPosXY": {
            "x": 15,
            "y": 11,
            "magnitude": 18.601076,
            "sqrMagnitude": 346
          },
          "floatPos": {
            "X": 0.0,
            "Y": 0.0
          },
          "GravityData": null
        }
      ],
      [],
      [],
      [],
      [],
      [],
      [],
      [],
      []
    ],
    [
      [],
      [],
      [],
      [],
      [],
      [],
      [],
      [],
      [],
      [],
      [],
      [
        {
          "active": true,
          "StateChanged": false,
          "modelID": "Brick",
          "MapPosXY": {
            "x": 16,
            "y": 11,
            "magnitude": 19.416489,
            "sqrMagnitude": 377
          },
          "floatPos": {
            "X": 0.0,
            "Y": 0.0
          },
          "GravityData": null
        }
      ],
      [],
      [],
      [],
      [],
      [],
      [],
      [],
      []
    ],
    [
      [],
      [],
      [],
      [],
      [],
      [],
      [],
      [],
      [],
      [],
      [
        {
          "active": true,
          "StateChanged": false,
          "modelID": "Goal",
          "MapPosXY": {
            "x": 17,
            "y": 10,
            "magnitude": 19.723083,
            "sqrMagnitude": 389
          },
          "floatPos": {
            "X": 0.0,
            "Y": 0.0
          },
          "GravityData": null
        }
      ],
      [],
      [],
      [],
      [],
      [],
      [],
      [],
      [],
      []
    ],
    [
      [],
      [],
      [],
      [],
      [],
      [],
      [],
      [],
      [],
      [],
      [],
      [],
      [],
      [],
      [],
      [],
      [],
      [],
      [],
      []
    ],
    [
      [],
      [],
      [],
      [],
      [],
      [],
      [],
      [],
      [],
      [],
      [],
      [],
      [],
      [],
      [],
      [],
      [],
      [],
      [],
      []
    ],
    [
      [],
      [],
      [],
      [],
      [],
      [],
      [],
      [],
      [],
      [],
      [],
      [],
      [],
      [],
      [],
      [],
      [],
      [],
      [],
      []
    ],
    [
      [],
      [],
      [],
      [],
      [],
      [],
      [],
      [],
      [],
      [],
      [],
      [],
      [],
      [],
      [],
      [],
      [],
      [],
      [],
      []
    ],
    [
      [],
      [],
      [],
      [],
      [],
      [],
      [],
      [],
      [],
      [],
      [],
      [],
      [],
      [],
      [],
      [],
      [],
      [],
      [],
      []
    ],
    [
      [],
      [],
      [],
      [],
      [],
      [],
      [],
      [],
      [],
      [],
      [],
      [],
      [],
      [],
      [],
      [],
      [],
      [],
      [],
      []
    ],
    [
      [],
      [],
      [],
      [],
      [],
      [],
      [],
      [],
      [],
      [],
      [],
      [],
      [],
      [],
      [],
      [],
      [],
      [],
      [],
      []
    ],
    [
      [],
      [],
      [],
      [],
      [],
      [],
      [],
      [],
      [],
      [],
      [],
      [],
      [],
      [],
      [],
      [],
      [],
      [],
      [],
      []
    ],
    [
      [],
      [],
      [],
      [],
      [],
      [],
      [],
      [],
      [],
      [],
      [],
      [],
      [],
      [],
      [],
      [],
      [],
      [],
      [],
      []
    ],
    [
      [],
      [],
      [],
      [],
      [],
      [],
      [],
      [],
      [],
      [],
      [],
      [],
      [],
      [],
      [],
      [],
      [],
      [],
      [],
      []
    ],
    [
      [],
      [],
      [],
      [],
      [],
      [],
      [],
      [],
      [],
      [],
      [],
      [],
      [],
      [],
      [],
      [],
      [],
      [],
      [],
      []
    ],
    [
      [],
      [],
      [],
      [],
      [],
      [],
      [],
      [],
      [],
      [],
      [],
      [],
      [],
      [],
      [],
      [],
      [],
      [],
      [],
      []
    ]
  ]
}