{
  "Map": [
    [
      [],
      [],
      [],
      [],
      [],
      [],
      [],
      [],
      [],
      [],
      [],
      [],
      [],
      [],
      [],
      [],
      [],
      [],
      [],
      []
    ],
    [
      [],
      [],
      [],
      [],
      [],
      [],
      [],
      [],
      [],
      [],
      [],
      [],
      [],
      [],
      [],
      [],
      [],
      [],
      [],
      []
    ],
    [
      [],
      [],
      [],
      [],
      [],
      [],
      [],
      [],
      [],
      [],
      [],
      [],
      [],
      [],
      [],
      [],
      [],
      [],
      [],
      []
    ],
    [
      [],
      [],
      [],
      [],
      [],
      [],
      [],
      [],
      [],
      [],
      [],
      [],
      [],
      [],
      [],
      [],
      [],
      [],
      [],
      []
    ],
    [
      [],
      [],
      [],
      [],
      [],
      [],
      [],
      [],
      [],
      [],
      [],
      [
        {
          "active": true,
          "StateChanged": false,
          "modelID": "Apple",
          "MapPosXY": {
            "x": 4,
            "y": 11,
            "magnitude": 11.7046995,
            "sqrMagnitude": 137
          },
          "floatPos": {
            "X": 0.0,
            "Y": 0.0
          },
          "GravityData": null
        }
      ],
      [],
      [],
      [],
      [],
      [],
      [],
      [],
      []
    ],
    [
      [],
      [],
      [],
      [],
      [],
      [],
      [],
      [],
      [
        {
          "$type": "Models.descendants.ByInstance.SnakeBody, Models",
          "bodynum": 1,
          "OwnerNum": 0,
          "modifier": 1,
          "active": true,
          "StateChanged": false,
          "modelID": "SnakeBody",
          "MapPosXY": {
            "x": 5,
            "y": 8,
            "magnitude": 9.433981,
            "sqrMagnitude": 89
          },
          "floatPos": {
            "X": 5.0,
            "Y": 8.0
          },
          "GravityData": null
        }
      ],
      [
        {
          "$type": "Models.descendants.ByInstance.SnakeBody, Models",
          "bodynum": 2,
          "OwnerNum": 0,
          "modifier": 0,
          "active": true,
          "StateChanged": false,
          "modelID": "SnakeBody",
          "MapPosXY": {
            "x": 5,
            "y": 9,
            "magnitude": 10.29563,
            "sqrMagnitude": 106
          },
          "floatPos": {
            "X": 5.0,
            "Y": 9.0
          },
          "GravityData": null
        }
      ],
      [
        {
          "active": true,
          "StateChanged": false,
          "modelID": "Apple",
          "MapPosXY": {
            "x": 5,
            "y": 10,
            "magnitude": 11.18034,
            "sqrMagnitude": 125
          },
          "floatPos": {
            "X": 0.0,
            "Y": 0.0
          },
          "GravityData": null
        }
      ],
      [],
      [
        {
          "active": true,
          "StateChanged": false,
          "modelID": "Apple",
          "MapPosXY": {
            "x": 5,
            "y": 12,
            "magnitude": 13.0,
            "sqrMagnitude": 169
          },
          "floatPos": {
            "X": 0.0,
            "Y": 0.0
          },
          "GravityData": null
        }
      ],
      [],
      [],
      [],
      [],
      [],
      [],
      []
    ],
    [
      [],
      [],
      [],
      [],
      [],
      [],
      [],
      [],
      [
        {
          "$type": "Models.descendants.ByInstance.SnakeHead, Models",
          "bodies": [
            {
              "bodynum": 1,
              "OwnerNum": 0,
              "modifier": 1,
              "active": true,
              "StateChanged": false,
              "modelID": "SnakeBody",
              "MapPosXY": {
                "x": 5,
                "y": 8,
                "magnitude": 9.433981,
                "sqrMagnitude": 89
              },
              "floatPos": {
                "X": 5.0,
                "Y": 8.0
              },
              "GravityData": null
            },
            {
              "bodynum": 2,
              "OwnerNum": 0,
              "modifier": 0,
              "active": true,
              "StateChanged": false,
              "modelID": "SnakeBody",
              "MapPosXY": {
                "x": 5,
                "y": 9,
                "magnitude": 10.29563,
                "sqrMagnitude": 106
              },
              "floatPos": {
                "X": 5.0,
                "Y": 9.0
              },
              "GravityData": null
            }
          ],
          "DeathUnder": false,
          "OwnerNum": 0,
          "modifier": 0,
          "active": true,
          "StateChanged": false,
          "modelID": "SnakeHead",
          "MapPosXY": {
            "x": 6,
            "y": 8,
            "magnitude": 10.0,
            "sqrMagnitude": 100
          },
          "floatPos": {
            "X": 6.0,
            "Y": 8.0
          },
          "GravityData": {
            "fallCount": 0,
            "Fix": false,
            "UnderExamination": false,
            "Examined": false,
            "GotDestroyed": false
          }
        }
      ],
      [
        {
          "active": true,
          "StateChanged": false,
          "modelID": "Brick",
          "MapPosXY": {
            "x": 6,
            "y": 9,
            "magnitude": 10.816654,
            "sqrMagnitude": 117
          },
          "floatPos": {
            "X": 0.0,
            "Y": 0.0
          },
          "GravityData": null
        }
      ],
      [],
      [
        {
          "active": true,
          "StateChanged": false,
          "modelID": "Apple",
          "MapPosXY": {
            "x": 6,
            "y": 11,
            "magnitude": 12.529964,
            "sqrMagnitude": 157
          },
          "floatPos": {
            "X": 0.0,
            "Y": 0.0
          },
          "GravityData": null
        }
      ],
      [],
      [
        {
          "active": true,
          "StateChanged": false,
          "modelID": "Apple",
          "MapPosXY": {
            "x": 6,
            "y": 13,
            "magnitude": 14.3178215,
            "sqrMagnitude": 205
          },
          "floatPos": {
            "X": 0.0,
            "Y": 0.0
          },
          "GravityData": null
        }
      ],
      [],
      [],
      [],
      [],
      [],
      []
    ],
    [
      [],
      [],
      [],
      [],
      [],
      [],
      [],
      [],
      [],
      [],
      [
        {
          "active": true,
          "StateChanged": false,
          "modelID": "Apple",
          "MapPosXY": {
            "x": 7,
            "y": 10,
            "magnitude": 12.206555,
            "sqrMagnitude": 149
          },
          "floatPos": {
            "X": 0.0,
            "Y": 0.0
          },
          "GravityData": null
        }
      ],
      [],
      [
        {
          "active": true,
          "StateChanged": false,
          "modelID": "Apple",
          "MapPosXY": {
            "x": 7,
            "y": 12,
            "magnitude": 13.892444,
            "sqrMagnitude": 193
          },
          "floatPos": {
            "X": 0.0,
            "Y": 0.0
          },
          "GravityData": null
        }
      ],
      [],
      [],
      [],
      [],
      [],
      [],
      []
    ],
    [
      [],
      [],
      [],
      [],
      [],
      [],
      [],
      [],
      [],
      [],
      [],
      [
        {
          "active": true,
          "StateChanged": false,
          "modelID": "Apple",
          "MapPosXY": {
            "x": 8,
            "y": 11,
            "magnitude": 13.601471,
            "sqrMagnitude": 185
          },
          "floatPos": {
            "X": 0.0,
            "Y": 0.0
          },
          "GravityData": null
        }
      ],
      [],
      [],
      [],
      [],
      [],
      [],
      [],
      []
    ],
    [
      [],
      [],
      [],
      [],
      [],
      [],
      [],
      [],
      [],
      [],
      [],
      [],
      [],
      [],
      [],
      [],
      [],
      [],
      [],
      []
    ],
    [
      [],
      [],
      [],
      [],
      [],
      [],
      [],
      [],
      [],
      [],
      [],
      [],
      [],
      [],
      [],
      [],
      [],
      [],
      [],
      []
    ],
    [
      [],
      [],
      [],
      [],
      [],
      [],
      [],
      [],
      [],
      [],
      [],
      [],
      [],
      [],
      [],
      [],
      [],
      [],
      [],
      []
    ],
    [
      [],
      [],
      [],
      [],
      [],
      [],
      [],
      [],
      [],
      [],
      [],
      [],
      [],
      [],
      [],
      [],
      [],
      [],
      [],
      []
    ],
    [
      [],
      [],
      [],
      [],
      [],
      [],
      [],
      [],
      [],
      [],
      [],
      [],
      [],
      [],
      [],
      [],
      [],
      [],
      [],
      []
    ],
    [
      [],
      [],
      [],
      [],
      [],
      [],
      [],
      [],
      [],
      [],
      [],
      [],
      [],
      [],
      [],
      [],
      [],
      [],
      [],
      []
    ],
    [
      [],
      [],
      [],
      [],
      [],
      [],
      [],
      [],
      [],
      [],
      [],
      [],
      [],
      [],
      [],
      [],
      [],
      [],
      [],
      []
    ],
    [
      [],
      [],
      [],
      [],
      [],
      [],
      [],
      [],
      [],
      [],
      [],
      [],
      [],
      [],
      [],
      [],
      [],
      [],
      [],
      []
    ],
    [
      [],
      [],
      [],
      [],
      [],
      [],
      [],
      [],
      [
        {
          "active": true,
          "StateChanged": false,
          "modelID": "Goal",
          "MapPosXY": {
            "x": 17,
            "y": 8,
            "magnitude": 18.788294,
            "sqrMagnitude": 353
          },
          "floatPos": {
            "X": 0.0,
            "Y": 0.0
          },
          "GravityData": null
        }
      ],
      [],
      [],
      [],
      [],
      [],
      [],
      [],
      [],
      [],
      [],
      []
    ],
    [
      [],
      [],
      [],
      [],
      [],
      [],
      [],
      [],
      [],
      [],
      [],
      [],
      [],
      [],
      [],
      [],
      [],
      [],
      [],
      []
    ],
    [
      [],
      [],
      [],
      [],
      [],
      [],
      [],
      [],
      [],
      [],
      [],
      [],
      [],
      [],
      [],
      [],
      [],
      [],
      [],
      []
    ],
    [
      [],
      [],
      [],
      [],
      [],
      [],
      [],
      [],
      [],
      [],
      [],
      [],
      [],
      [],
      [],
      [],
      [],
      [],
      [],
      []
    ],
    [
      [],
      [],
      [],
      [],
      [],
      [],
      [],
      [],
      [],
      [],
      [],
      [],
      [],
      [],
      [],
      [],
      [],
      [],
      [],
      []
    ],
    [
      [],
      [],
      [],
      [],
      [],
      [],
      [],
      [],
      [],
      [],
      [],
      [],
      [],
      [],
      [],
      [],
      [],
      [],
      [],
      []
    ],
    [
      [],
      [],
      [],
      [],
      [],
      [],
      [],
      [],
      [],
      [],
      [],
      [],
      [],
      [],
      [],
      [],
      [],
      [],
      [],
      []
    ],
    [
      [],
      [],
      [],
      [],
      [],
      [],
      [],
      [],
      [],
      [],
      [],
      [],
      [],
      [],
      [],
      [],
      [],
      [],
      [],
      []
    ],
    [
      [],
      [],
      [],
      [],
      [],
      [],
      [],
      [],
      [],
      [],
      [],
      [],
      [],
      [],
      [],
      [],
      [],
      [],
      [],
      []
    ],
    [
      [],
      [],
      [],
      [],
      [],
      [],
      [],
      [],
      [],
      [],
      [],
      [],
      [],
      [],
      [],
      [],
      [],
      [],
      [],
      []
    ],
    [
      [],
      [],
      [],
      [],
      [],
      [],
      [],
      [],
      [],
      [],
      [],
      [],
      [],
      [],
      [],
      [],
      [],
      [],
      [],
      []
    ],
    [
      [],
      [],
      [],
      [],
      [],
      [],
      [],
      [],
      [],
      [],
      [],
      [],
      [],
      [],
      [],
      [],
      [],
      [],
      [],
      []
    ],
    [
      [],
      [],
      [],
      [],
      [],
      [],
      [],
      [],
      [],
      [],
      [],
      [],
      [],
      [],
      [],
      [],
      [],
      [],
      [],
      []
    ]
  ]
}