{
  "Map": [
    [
      [],
      [],
      [],
      [],
      [],
      [],
      [],
      [],
      [],
      [],
      [],
      [],
      [],
      [],
      [],
      [],
      [],
      [],
      [],
      []
    ],
    [
      [],
      [],
      [],
      [],
      [],
      [],
      [],
      [],
      [],
      [],
      [],
      [],
      [],
      [],
      [],
      [],
      [],
      [],
      [],
      []
    ],
    [
      [],
      [],
      [],
      [],
      [],
      [],
      [],
      [],
      [],
      [],
      [],
      [],
      [],
      [],
      [],
      [],
      [],
      [],
      [],
      []
    ],
    [
      [],
      [],
      [],
      [],
      [],
      [],
      [],
      [],
      [],
      [],
      [],
      [],
      [],
      [],
      [],
      [],
      [],
      [],
      [],
      []
    ],
    [
      [],
      [],
      [],
      [],
      [],
      [],
      [],
      [],
      [],
      [],
      [],
      [],
      [
        {
          "active": true,
          "StateChanged": false,
          "modelID": "Brick",
          "MapPosXY": {
            "x": 4,
            "y": 12,
            "magnitude": 12.649111,
            "sqrMagnitude": 160
          },
          "floatPos": {
            "X": 0.0,
            "Y": 0.0
          },
          "GravityData": null
        }
      ],
      [],
      [],
      [],
      [],
      [],
      [],
      []
    ],
    [
      [],
      [],
      [],
      [],
      [
        {
          "$type": "Models.descendants.ByInstance.SnakeBody, Models",
          "bodynum": 1,
          "OwnerNum": 0,
          "modifier": 1,
          "active": true,
          "StateChanged": false,
          "modelID": "SnakeBody",
          "MapPosXY": {
            "x": 5,
            "y": 4,
            "magnitude": 6.4031243,
            "sqrMagnitude": 41
          },
          "floatPos": {
            "X": 5.0,
            "Y": 4.0
          },
          "GravityData": null
        }
      ],
      [
        {
          "$type": "Models.descendants.ByInstance.SnakeBody, Models",
          "bodynum": 2,
          "OwnerNum": 0,
          "modifier": 0,
          "active": true,
          "StateChanged": false,
          "modelID": "SnakeBody",
          "MapPosXY": {
            "x": 5,
            "y": 5,
            "magnitude": 7.071068,
            "sqrMagnitude": 50
          },
          "floatPos": {
            "X": 5.0,
            "Y": 5.0
          },
          "GravityData": null
        }
      ],
      [],
      [],
      [],
      [],
      [],
      [],
      [
        {
          "active": true,
          "StateChanged": false,
          "modelID": "Brick",
          "MapPosXY": {
            "x": 5,
            "y": 12,
            "magnitude": 13.0,
            "sqrMagnitude": 169
          },
          "floatPos": {
            "X": 0.0,
            "Y": 0.0
          },
          "GravityData": null
        }
      ],
      [],
      [],
      [],
      [],
      [],
      [],
      []
    ],
    [
      [],
      [],
      [],
      [],
      [
        {
          "$type": "Models.descendants.ByInstance.SnakeHead, Models",
          "bodies": [
            {
              "bodynum": 1,
              "OwnerNum": 0,
              "modifier": 1,
              "active": true,
              "StateChanged": false,
              "modelID": "SnakeBody",
              "MapPosXY": {
                "x": 5,
                "y": 4,
                "magnitude": 6.4031243,
                "sqrMagnitude": 41
              },
              "floatPos": {
                "X": 5.0,
                "Y": 4.0
              },
              "GravityData": null
            },
            {
              "bodynum": 2,
              "OwnerNum": 0,
              "modifier": 0,
              "active": true,
              "StateChanged": false,
              "modelID": "SnakeBody",
              "MapPosXY": {
                "x": 5,
                "y": 5,
                "magnitude": 7.071068,
                "sqrMagnitude": 50
              },
              "floatPos": {
                "X": 5.0,
                "Y": 5.0
              },
              "GravityData": null
            }
          ],
          "DeathUnder": false,
          "OwnerNum": 0,
          "modifier": 0,
          "active": true,
          "StateChanged": false,
          "modelID": "SnakeHead",
          "MapPosXY": {
            "x": 6,
            "y": 4,
            "magnitude": 7.2111025,
            "sqrMagnitude": 52
          },
          "floatPos": {
            "X": 6.0,
            "Y": 4.0
          },
          "GravityData": {
            "fallCount": 0,
            "Fix": false,
            "UnderExamination": false,
            "Examined": false,
            "GotDestroyed": false
          }
        }
      ],
      [
        {
          "active": true,
          "StateChanged": false,
          "modelID": "Stone",
          "MapPosXY": {
            "x": 6,
            "y": 5,
            "magnitude": 7.81025,
            "sqrMagnitude": 61
          },
          "floatPos": {
            "X": 6.0,
            "Y": 5.0
          },
          "GravityData": {
            "fallCount": 0,
            "Fix": false,
            "UnderExamination": false,
            "Examined": false,
            "GotDestroyed": false
          }
        }
      ],
      [
        {
          "active": true,
          "StateChanged": false,
          "modelID": "Stone",
          "MapPosXY": {
            "x": 6,
            "y": 6,
            "magnitude": 8.485281,
            "sqrMagnitude": 72
          },
          "floatPos": {
            "X": 6.0,
            "Y": 6.0
          },
          "GravityData": {
            "fallCount": 0,
            "Fix": false,
            "UnderExamination": false,
            "Examined": false,
            "GotDestroyed": false
          }
        }
      ],
      [
        {
          "active": true,
          "StateChanged": false,
          "modelID": "Stone",
          "MapPosXY": {
            "x": 6,
            "y": 7,
            "magnitude": 9.219544,
            "sqrMagnitude": 85
          },
          "floatPos": {
            "X": 6.0,
            "Y": 7.0
          },
          "GravityData": {
            "fallCount": 0,
            "Fix": false,
            "UnderExamination": false,
            "Examined": false,
            "GotDestroyed": false
          }
        }
      ],
      [
        {
          "active": true,
          "StateChanged": false,
          "modelID": "Stone",
          "MapPosXY": {
            "x": 6,
            "y": 8,
            "magnitude": 10.0,
            "sqrMagnitude": 100
          },
          "floatPos": {
            "X": 6.0,
            "Y": 8.0
          },
          "GravityData": {
            "fallCount": 0,
            "Fix": false,
            "UnderExamination": false,
            "Examined": false,
            "GotDestroyed": false
          }
        }
      ],
      [
        {
          "active": true,
          "StateChanged": false,
          "modelID": "Stone",
          "MapPosXY": {
            "x": 6,
            "y": 9,
            "magnitude": 10.816654,
            "sqrMagnitude": 117
          },
          "floatPos": {
            "X": 6.0,
            "Y": 9.0
          },
          "GravityData": {
            "fallCount": 0,
            "Fix": false,
            "UnderExamination": false,
            "Examined": false,
            "GotDestroyed": false
          }
        }
      ],
      [
        {
          "active": true,
          "StateChanged": false,
          "modelID": "Stone",
          "MapPosXY": {
            "x": 6,
            "y": 10,
            "magnitude": 11.661903,
            "sqrMagnitude": 136
          },
          "floatPos": {
            "X": 6.0,
            "Y": 10.0
          },
          "GravityData": {
            "fallCount": 0,
            "Fix": false,
            "UnderExamination": false,
            "Examined": false,
            "GotDestroyed": false
          }
        }
      ],
      [
        {
          "active": true,
          "StateChanged": false,
          "modelID": "Stone",
          "MapPosXY": {
            "x": 6,
            "y": 11,
            "magnitude": 12.529964,
            "sqrMagnitude": 157
          },
          "floatPos": {
            "X": 6.0,
            "Y": 11.0
          },
          "GravityData": {
            "fallCount": 0,
            "Fix": false,
            "UnderExamination": false,
            "Examined": false,
            "GotDestroyed": false
          }
        }
      ],
      [
        {
          "active": true,
          "StateChanged": false,
          "modelID": "Brick",
          "MapPosXY": {
            "x": 6,
            "y": 12,
            "magnitude": 13.416408,
            "sqrMagnitude": 180
          },
          "floatPos": {
            "X": 0.0,
            "Y": 0.0
          },
          "GravityData": null
        }
      ],
      [],
      [],
      [],
      [],
      [],
      [],
      []
    ],
    [
      [],
      [],
      [],
      [],
      [],
      [],
      [],
      [],
      [],
      [],
      [],
      [],
      [
        {
          "active": true,
          "StateChanged": false,
          "modelID": "Brick",
          "MapPosXY": {
            "x": 7,
            "y": 12,
            "magnitude": 13.892444,
            "sqrMagnitude": 193
          },
          "floatPos": {
            "X": 0.0,
            "Y": 0.0
          },
          "GravityData": null
        }
      ],
      [],
      [],
      [],
      [],
      [],
      [],
      []
    ],
    [
      [],
      [],
      [],
      [],
      [],
      [],
      [],
      [],
      [],
      [],
      [],
      [],
      [
        {
          "active": true,
          "StateChanged": false,
          "modelID": "Brick",
          "MapPosXY": {
            "x": 8,
            "y": 12,
            "magnitude": 14.422205,
            "sqrMagnitude": 208
          },
          "floatPos": {
            "X": 0.0,
            "Y": 0.0
          },
          "GravityData": null
        }
      ],
      [],
      [],
      [],
      [],
      [],
      [],
      []
    ],
    [
      [],
      [],
      [],
      [],
      [],
      [],
      [],
      [],
      [],
      [],
      [],
      [],
      [
        {
          "active": true,
          "StateChanged": false,
          "modelID": "Brick",
          "MapPosXY": {
            "x": 9,
            "y": 12,
            "magnitude": 15.0,
            "sqrMagnitude": 225
          },
          "floatPos": {
            "X": 0.0,
            "Y": 0.0
          },
          "GravityData": null
        }
      ],
      [],
      [],
      [],
      [],
      [],
      [],
      []
    ],
    [
      [],
      [],
      [],
      [],
      [],
      [],
      [],
      [],
      [],
      [],
      [],
      [],
      [
        {
          "active": true,
          "StateChanged": false,
          "modelID": "Brick",
          "MapPosXY": {
            "x": 10,
            "y": 12,
            "magnitude": 15.6205,
            "sqrMagnitude": 244
          },
          "floatPos": {
            "X": 0.0,
            "Y": 0.0
          },
          "GravityData": null
        }
      ],
      [],
      [],
      [],
      [],
      [],
      [],
      []
    ],
    [
      [],
      [],
      [],
      [],
      [],
      [],
      [
        {
          "active": true,
          "StateChanged": false,
          "modelID": "Goal",
          "MapPosXY": {
            "x": 11,
            "y": 6,
            "magnitude": 12.529964,
            "sqrMagnitude": 157
          },
          "floatPos": {
            "X": 0.0,
            "Y": 0.0
          },
          "GravityData": null
        }
      ],
      [],
      [],
      [],
      [],
      [],
      [
        {
          "active": true,
          "StateChanged": false,
          "modelID": "Brick",
          "MapPosXY": {
            "x": 11,
            "y": 12,
            "magnitude": 16.27882,
            "sqrMagnitude": 265
          },
          "floatPos": {
            "X": 0.0,
            "Y": 0.0
          },
          "GravityData": null
        }
      ],
      [],
      [],
      [],
      [],
      [],
      [],
      []
    ],
    [
      [],
      [],
      [],
      [],
      [],
      [],
      [],
      [],
      [],
      [],
      [],
      [],
      [
        {
          "active": true,
          "StateChanged": false,
          "modelID": "Brick",
          "MapPosXY": {
            "x": 12,
            "y": 12,
            "magnitude": 16.970562,
            "sqrMagnitude": 288
          },
          "floatPos": {
            "X": 0.0,
            "Y": 0.0
          },
          "GravityData": null
        }
      ],
      [],
      [],
      [],
      [],
      [],
      [],
      []
    ],
    [
      [],
      [],
      [],
      [],
      [],
      [],
      [],
      [],
      [],
      [],
      [],
      [],
      [
        {
          "active": true,
          "StateChanged": false,
          "modelID": "Brick",
          "MapPosXY": {
            "x": 13,
            "y": 12,
            "magnitude": 17.691807,
            "sqrMagnitude": 313
          },
          "floatPos": {
            "X": 0.0,
            "Y": 0.0
          },
          "GravityData": null
        }
      ],
      [],
      [],
      [],
      [],
      [],
      [],
      []
    ],
    [
      [],
      [],
      [],
      [],
      [],
      [],
      [],
      [],
      [],
      [],
      [],
      [],
      [
        {
          "active": true,
          "StateChanged": false,
          "modelID": "Brick",
          "MapPosXY": {
            "x": 14,
            "y": 12,
            "magnitude": 18.439089,
            "sqrMagnitude": 340
          },
          "floatPos": {
            "X": 0.0,
            "Y": 0.0
          },
          "GravityData": null
        }
      ],
      [],
      [],
      [],
      [],
      [],
      [],
      []
    ],
    [
      [],
      [],
      [],
      [],
      [],
      [],
      [],
      [],
      [],
      [],
      [],
      [],
      [],
      [],
      [],
      [],
      [],
      [],
      [],
      []
    ],
    [
      [],
      [],
      [],
      [],
      [],
      [],
      [],
      [],
      [],
      [],
      [],
      [],
      [],
      [],
      [],
      [],
      [],
      [],
      [],
      []
    ],
    [
      [],
      [],
      [],
      [],
      [],
      [],
      [],
      [],
      [],
      [],
      [],
      [],
      [],
      [],
      [],
      [],
      [],
      [],
      [],
      []
    ],
    [
      [],
      [],
      [],
      [],
      [],
      [],
      [],
      [],
      [],
      [],
      [],
      [],
      [],
      [],
      [],
      [],
      [],
      [],
      [],
      []
    ],
    [
      [],
      [],
      [],
      [],
      [],
      [],
      [],
      [],
      [],
      [],
      [],
      [],
      [],
      [],
      [],
      [],
      [],
      [],
      [],
      []
    ],
    [
      [],
      [],
      [],
      [],
      [],
      [],
      [],
      [],
      [],
      [],
      [],
      [],
      [],
      [],
      [],
      [],
      [],
      [],
      [],
      []
    ],
    [
      [],
      [],
      [],
      [],
      [],
      [],
      [],
      [],
      [],
      [],
      [],
      [],
      [],
      [],
      [],
      [],
      [],
      [],
      [],
      []
    ],
    [
      [],
      [],
      [],
      [],
      [],
      [],
      [],
      [],
      [],
      [],
      [],
      [],
      [],
      [],
      [],
      [],
      [],
      [],
      [],
      []
    ],
    [
      [],
      [],
      [],
      [],
      [],
      [],
      [],
      [],
      [],
      [],
      [],
      [],
      [],
      [],
      [],
      [],
      [],
      [],
      [],
      []
    ],
    [
      [],
      [],
      [],
      [],
      [],
      [],
      [],
      [],
      [],
      [],
      [],
      [],
      [],
      [],
      [],
      [],
      [],
      [],
      [],
      []
    ],
    [
      [],
      [],
      [],
      [],
      [],
      [],
      [],
      [],
      [],
      [],
      [],
      [],
      [],
      [],
      [],
      [],
      [],
      [],
      [],
      []
    ],
    [
      [],
      [],
      [],
      [],
      [],
      [],
      [],
      [],
      [],
      [],
      [],
      [],
      [],
      [],
      [],
      [],
      [],
      [],
      [],
      []
    ],
    [
      [],
      [],
      [],
      [],
      [],
      [],
      [],
      [],
      [],
      [],
      [],
      [],
      [],
      [],
      [],
      [],
      [],
      [],
      [],
      []
    ],
    [
      [],
      [],
      [],
      [],
      [],
      [],
      [],
      [],
      [],
      [],
      [],
      [],
      [],
      [],
      [],
      [],
      [],
      [],
      [],
      []
    ],
    [
      [],
      [],
      [],
      [],
      [],
      [],
      [],
      [],
      [],
      [],
      [],
      [],
      [],
      [],
      [],
      [],
      [],
      [],
      [],
      []
    ]
  ]
}