{
  "Map": [
    [
      [],
      [],
      [],
      [],
      [],
      [],
      [],
      [],
      [],
      [],
      [],
      [],
      [],
      [],
      [],
      [],
      [],
      [],
      [],
      []
    ],
    [
      [],
      [],
      [],
      [],
      [],
      [],
      [],
      [],
      [],
      [],
      [],
      [],
      [],
      [],
      [],
      [],
      [],
      [],
      [],
      []
    ],
    [
      [],
      [],
      [],
      [],
      [],
      [],
      [],
      [],
      [],
      [],
      [],
      [],
      [],
      [],
      [],
      [],
      [],
      [],
      [],
      []
    ],
    [
      [],
      [],
      [],
      [],
      [],
      [],
      [],
      [],
      [],
      [],
      [],
      [],
      [],
      [],
      [],
      [],
      [],
      [],
      [],
      []
    ],
    [
      [],
      [],
      [],
      [],
      [],
      [],
      [],
      [],
      [],
      [],
      [],
      [],
      [],
      [],
      [],
      [],
      [],
      [],
      [],
      []
    ],
    [
      [],
      [],
      [],
      [],
      [],
      [],
      [],
      [],
      [],
      [],
      [],
      [],
      [],
      [],
      [],
      [],
      [],
      [],
      [],
      []
    ],
    [
      [],
      [],
      [],
      [],
      [],
      [],
      [],
      [
        {
          "$type": "Models.descendants.ByInstance.SnakeHead, Models",
          "bodies": [
            {
              "bodynum": 1,
              "OwnerNum": 1,
              "modifier": 1,
              "active": true,
              "StateChanged": false,
              "modelID": "SnakeBody",
              "MapPosXY": {
                "x": 6,
                "y": 8,
                "magnitude": 10.0,
                "sqrMagnitude": 100
              },
              "floatPos": {
                "X": 6.0,
                "Y": 8.0
              },
              "GravityData": null
            }
          ],
          "DeathUnder": false,
          "OwnerNum": 1,
          "modifier": 0,
          "active": true,
          "StateChanged": false,
          "modelID": "SnakeHead",
          "MapPosXY": {
            "x": 6,
            "y": 7,
            "magnitude": 9.219544,
            "sqrMagnitude": 85
          },
          "floatPos": {
            "X": 6.0,
            "Y": 7.0
          },
          "GravityData": {
            "fallCount": 0,
            "Fix": false,
            "UnderExamination": false,
            "Examined": false,
            "GotDestroyed": false
          }
        }
      ],
      [
        {
          "$type": "Models.descendants.ByInstance.SnakeBody, Models",
          "bodynum": 1,
          "OwnerNum": 1,
          "modifier": 1,
          "active": true,
          "StateChanged": false,
          "modelID": "SnakeBody",
          "MapPosXY": {
            "x": 6,
            "y": 8,
            "magnitude": 10.0,
            "sqrMagnitude": 100
          },
          "floatPos": {
            "X": 6.0,
            "Y": 8.0
          },
          "GravityData": null
        }
      ],
      [],
      [],
      [],
      [],
      [],
      [
        {
          "active": true,
          "StateChanged": false,
          "modelID": "Brick",
          "MapPosXY": {
            "x": 6,
            "y": 14,
            "magnitude": 15.231546,
            "sqrMagnitude": 232
          },
          "floatPos": {
            "X": 0.0,
            "Y": 0.0
          },
          "GravityData": null
        }
      ],
      [],
      [],
      [],
      [],
      []
    ],
    [
      [],
      [],
      [],
      [],
      [],
      [],
      [],
      [],
      [
        {
          "$type": "Models.descendants.ByInstance.SnakeHead, Models",
          "bodies": [
            {
              "bodynum": 1,
              "OwnerNum": 0,
              "modifier": 1,
              "active": true,
              "StateChanged": false,
              "modelID": "SnakeBody",
              "MapPosXY": {
                "x": 7,
                "y": 9,
                "magnitude": 11.401754,
                "sqrMagnitude": 130
              },
              "floatPos": {
                "X": 7.0,
                "Y": 9.0
              },
              "GravityData": null
            }
          ],
          "DeathUnder": false,
          "OwnerNum": 0,
          "modifier": 0,
          "active": true,
          "StateChanged": false,
          "modelID": "SnakeHead",
          "MapPosXY": {
            "x": 7,
            "y": 8,
            "magnitude": 10.630146,
            "sqrMagnitude": 113
          },
          "floatPos": {
            "X": 7.0,
            "Y": 8.0
          },
          "GravityData": {
            "fallCount": 0,
            "Fix": false,
            "UnderExamination": false,
            "Examined": false,
            "GotDestroyed": false
          }
        }
      ],
      [
        {
          "$type": "Models.descendants.ByInstance.SnakeBody, Models",
          "bodynum": 1,
          "OwnerNum": 0,
          "modifier": 1,
          "active": true,
          "StateChanged": false,
          "modelID": "SnakeBody",
          "MapPosXY": {
            "x": 7,
            "y": 9,
            "magnitude": 11.401754,
            "sqrMagnitude": 130
          },
          "floatPos": {
            "X": 7.0,
            "Y": 9.0
          },
          "GravityData": null
        }
      ],
      [],
      [],
      [
        {
          "active": true,
          "StateChanged": false,
          "modelID": "Brick",
          "MapPosXY": {
            "x": 7,
            "y": 12,
            "magnitude": 13.892444,
            "sqrMagnitude": 193
          },
          "floatPos": {
            "X": 0.0,
            "Y": 0.0
          },
          "GravityData": null
        }
      ],
      [],
      [],
      [],
      [],
      [],
      [],
      []
    ],
    [
      [],
      [],
      [],
      [],
      [],
      [],
      [],
      [],
      [],
      [
        {
          "active": true,
          "StateChanged": false,
          "modelID": "Brick",
          "MapPosXY": {
            "x": 8,
            "y": 9,
            "magnitude": 12.0415945,
            "sqrMagnitude": 145
          },
          "floatPos": {
            "X": 0.0,
            "Y": 0.0
          },
          "GravityData": null
        }
      ],
      [],
      [],
      [
        {
          "active": true,
          "StateChanged": false,
          "modelID": "Brick",
          "MapPosXY": {
            "x": 8,
            "y": 12,
            "magnitude": 14.422205,
            "sqrMagnitude": 208
          },
          "floatPos": {
            "X": 0.0,
            "Y": 0.0
          },
          "GravityData": null
        }
      ],
      [],
      [],
      [],
      [],
      [],
      [],
      []
    ],
    [
      [],
      [],
      [],
      [],
      [],
      [],
      [],
      [],
      [],
      [
        {
          "active": true,
          "StateChanged": false,
          "modelID": "Brick",
          "MapPosXY": {
            "x": 9,
            "y": 9,
            "magnitude": 12.727922,
            "sqrMagnitude": 162
          },
          "floatPos": {
            "X": 0.0,
            "Y": 0.0
          },
          "GravityData": null
        }
      ],
      [],
      [
        {
          "active": true,
          "StateChanged": false,
          "modelID": "BlackApple",
          "MapPosXY": {
            "x": 9,
            "y": 11,
            "magnitude": 14.21267,
            "sqrMagnitude": 202
          },
          "floatPos": {
            "X": 0.0,
            "Y": 0.0
          },
          "GravityData": null
        }
      ],
      [
        {
          "active": true,
          "StateChanged": false,
          "modelID": "Brick",
          "MapPosXY": {
            "x": 9,
            "y": 12,
            "magnitude": 15.0,
            "sqrMagnitude": 225
          },
          "floatPos": {
            "X": 0.0,
            "Y": 0.0
          },
          "GravityData": null
        }
      ],
      [],
      [],
      [],
      [],
      [],
      [],
      []
    ],
    [
      [],
      [],
      [],
      [],
      [],
      [],
      [],
      [],
      [],
      [
        {
          "active": true,
          "StateChanged": false,
          "modelID": "Brick",
          "MapPosXY": {
            "x": 10,
            "y": 9,
            "magnitude": 13.453624,
            "sqrMagnitude": 181
          },
          "floatPos": {
            "X": 0.0,
            "Y": 0.0
          },
          "GravityData": null
        }
      ],
      [],
      [
        {
          "active": true,
          "StateChanged": false,
          "modelID": "Apple",
          "MapPosXY": {
            "x": 10,
            "y": 11,
            "magnitude": 14.866069,
            "sqrMagnitude": 221
          },
          "floatPos": {
            "X": 0.0,
            "Y": 0.0
          },
          "GravityData": null
        }
      ],
      [
        {
          "active": true,
          "StateChanged": false,
          "modelID": "Brick",
          "MapPosXY": {
            "x": 10,
            "y": 12,
            "magnitude": 15.6205,
            "sqrMagnitude": 244
          },
          "floatPos": {
            "X": 0.0,
            "Y": 0.0
          },
          "GravityData": null
        }
      ],
      [],
      [],
      [],
      [],
      [],
      [],
      []
    ],
    [
      [],
      [
        {
          "active": true,
          "StateChanged": false,
          "modelID": "Goal",
          "MapPosXY": {
            "x": 11,
            "y": 1,
            "magnitude": 11.045361,
            "sqrMagnitude": 122
          },
          "floatPos": {
            "X": 0.0,
            "Y": 0.0
          },
          "GravityData": null
        }
      ],
      [],
      [],
      [],
      [],
      [],
      [],
      [],
      [],
      [
        {
          "active": true,
          "StateChanged": false,
          "modelID": "Brick",
          "MapPosXY": {
            "x": 11,
            "y": 10,
            "magnitude": 14.866069,
            "sqrMagnitude": 221
          },
          "floatPos": {
            "X": 0.0,
            "Y": 0.0
          },
          "GravityData": null
        }
      ],
      [],
      [
        {
          "active": true,
          "StateChanged": false,
          "modelID": "Brick",
          "MapPosXY": {
            "x": 11,
            "y": 12,
            "magnitude": 16.27882,
            "sqrMagnitude": 265
          },
          "floatPos": {
            "X": 0.0,
            "Y": 0.0
          },
          "GravityData": null
        }
      ],
      [],
      [],
      [],
      [],
      [],
      [],
      []
    ],
    [
      [],
      [],
      [],
      [],
      [],
      [],
      [],
      [],
      [],
      [],
      [
        {
          "active": true,
          "StateChanged": false,
          "modelID": "Brick",
          "MapPosXY": {
            "x": 12,
            "y": 10,
            "magnitude": 15.6205,
            "sqrMagnitude": 244
          },
          "floatPos": {
            "X": 0.0,
            "Y": 0.0
          },
          "GravityData": null
        }
      ],
      [],
      [
        {
          "active": true,
          "StateChanged": false,
          "modelID": "Brick",
          "MapPosXY": {
            "x": 12,
            "y": 12,
            "magnitude": 16.970562,
            "sqrMagnitude": 288
          },
          "floatPos": {
            "X": 0.0,
            "Y": 0.0
          },
          "GravityData": null
        }
      ],
      [],
      [],
      [],
      [],
      [],
      [],
      []
    ],
    [
      [],
      [],
      [],
      [],
      [],
      [],
      [],
      [],
      [],
      [],
      [],
      [],
      [
        {
          "active": true,
          "StateChanged": false,
          "modelID": "Brick",
          "MapPosXY": {
            "x": 13,
            "y": 12,
            "magnitude": 17.691807,
            "sqrMagnitude": 313
          },
          "floatPos": {
            "X": 0.0,
            "Y": 0.0
          },
          "GravityData": null
        }
      ],
      [
        {
          "active": true,
          "StateChanged": false,
          "modelID": "Goal",
          "MapPosXY": {
            "x": 13,
            "y": 13,
            "magnitude": 18.384777,
            "sqrMagnitude": 338
          },
          "floatPos": {
            "X": 0.0,
            "Y": 0.0
          },
          "GravityData": null
        }
      ],
      [],
      [],
      [],
      [],
      [],
      []
    ],
    [
      [],
      [],
      [],
      [],
      [],
      [],
      [],
      [
        {
          "$type": "Models.descendants.ByInstance.SnakeHead, Models",
          "bodies": [
            {
              "bodynum": 1,
              "OwnerNum": 2,
              "modifier": 1,
              "active": true,
              "StateChanged": false,
              "modelID": "SnakeBody",
              "MapPosXY": {
                "x": 15,
                "y": 7,
                "magnitude": 16.552946,
                "sqrMagnitude": 274
              },
              "floatPos": {
                "X": 15.0,
                "Y": 7.0
              },
              "GravityData": null
            },
            {
              "bodynum": 2,
              "OwnerNum": 2,
              "modifier": 0,
              "active": true,
              "StateChanged": false,
              "modelID": "SnakeBody",
              "MapPosXY": {
                "x": 16,
                "y": 7,
                "magnitude": 17.464249,
                "sqrMagnitude": 305
              },
              "floatPos": {
                "X": 16.0,
                "Y": 7.0
              },
              "GravityData": null
            },
            {
              "bodynum": 3,
              "OwnerNum": 2,
              "modifier": 1,
              "active": true,
              "StateChanged": false,
              "modelID": "SnakeBody",
              "MapPosXY": {
                "x": 17,
                "y": 7,
                "magnitude": 18.384777,
                "sqrMagnitude": 338
              },
              "floatPos": {
                "X": 17.0,
                "Y": 7.0
              },
              "GravityData": null
            },
            {
              "bodynum": 4,
              "OwnerNum": 2,
              "modifier": 0,
              "active": true,
              "StateChanged": false,
              "modelID": "SnakeBody",
              "MapPosXY": {
                "x": 18,
                "y": 7,
                "magnitude": 19.313208,
                "sqrMagnitude": 373
              },
              "floatPos": {
                "X": 18.0,
                "Y": 7.0
              },
              "GravityData": null
            },
            {
              "bodynum": 5,
              "OwnerNum": 2,
              "modifier": 1,
              "active": true,
              "StateChanged": false,
              "modelID": "SnakeBody",
              "MapPosXY": {
                "x": 19,
                "y": 7,
                "magnitude": 20.248457,
                "sqrMagnitude": 410
              },
              "floatPos": {
                "X": 19.0,
                "Y": 7.0
              },
              "GravityData": null
            },
            {
              "bodynum": 6,
              "OwnerNum": 2,
              "modifier": 0,
              "active": true,
              "StateChanged": false,
              "modelID": "SnakeBody",
              "MapPosXY": {
                "x": 20,
                "y": 7,
                "magnitude": 21.189621,
                "sqrMagnitude": 449
              },
              "floatPos": {
                "X": 20.0,
                "Y": 7.0
              },
              "GravityData": null
            }
          ],
          "DeathUnder": false,
          "OwnerNum": 2,
          "modifier": 0,
          "active": true,
          "StateChanged": false,
          "modelID": "SnakeHead",
          "MapPosXY": {
            "x": 14,
            "y": 7,
            "magnitude": 15.652476,
            "sqrMagnitude": 245
          },
          "floatPos": {
            "X": 14.0,
            "Y": 7.0
          },
          "GravityData": {
            "fallCount": 0,
            "Fix": false,
            "UnderExamination": false,
            "Examined": false,
            "GotDestroyed": false
          }
        }
      ],
      [],
      [],
      [],
      [],
      [],
      [
        {
          "active": true,
          "StateChanged": false,
          "modelID": "Brick",
          "MapPosXY": {
            "x": 14,
            "y": 13,
            "magnitude": 19.104973,
            "sqrMagnitude": 365
          },
          "floatPos": {
            "X": 0.0,
            "Y": 0.0
          },
          "GravityData": null
        }
      ],
      [],
      [],
      [],
      [],
      [],
      []
    ],
    [
      [],
      [],
      [],
      [],
      [],
      [],
      [],
      [
        {
          "$type": "Models.descendants.ByInstance.SnakeBody, Models",
          "bodynum": 1,
          "OwnerNum": 2,
          "modifier": 1,
          "active": true,
          "StateChanged": false,
          "modelID": "SnakeBody",
          "MapPosXY": {
            "x": 15,
            "y": 7,
            "magnitude": 16.552946,
            "sqrMagnitude": 274
          },
          "floatPos": {
            "X": 15.0,
            "Y": 7.0
          },
          "GravityData": null
        }
      ],
      [],
      [],
      [],
      [],
      [],
      [
        {
          "active": true,
          "StateChanged": false,
          "modelID": "Brick",
          "MapPosXY": {
            "x": 15,
            "y": 13,
            "magnitude": 19.849434,
            "sqrMagnitude": 394
          },
          "floatPos": {
            "X": 0.0,
            "Y": 0.0
          },
          "GravityData": null
        }
      ],
      [],
      [],
      [],
      [],
      [],
      []
    ],
    [
      [],
      [],
      [],
      [],
      [],
      [],
      [],
      [
        {
          "$type": "Models.descendants.ByInstance.SnakeBody, Models",
          "bodynum": 2,
          "OwnerNum": 2,
          "modifier": 0,
          "active": true,
          "StateChanged": false,
          "modelID": "SnakeBody",
          "MapPosXY": {
            "x": 16,
            "y": 7,
            "magnitude": 17.464249,
            "sqrMagnitude": 305
          },
          "floatPos": {
            "X": 16.0,
            "Y": 7.0
          },
          "GravityData": null
        }
      ],
      [],
      [],
      [],
      [],
      [],
      [],
      [],
      [],
      [],
      [],
      [],
      []
    ],
    [
      [],
      [],
      [],
      [],
      [],
      [],
      [],
      [
        {
          "$type": "Models.descendants.ByInstance.SnakeBody, Models",
          "bodynum": 3,
          "OwnerNum": 2,
          "modifier": 1,
          "active": true,
          "StateChanged": false,
          "modelID": "SnakeBody",
          "MapPosXY": {
            "x": 17,
            "y": 7,
            "magnitude": 18.384777,
            "sqrMagnitude": 338
          },
          "floatPos": {
            "X": 17.0,
            "Y": 7.0
          },
          "GravityData": null
        }
      ],
      [],
      [],
      [],
      [],
      [],
      [],
      [],
      [],
      [],
      [],
      [],
      []
    ],
    [
      [],
      [],
      [],
      [],
      [],
      [],
      [],
      [
        {
          "$type": "Models.descendants.ByInstance.SnakeBody, Models",
          "bodynum": 4,
          "OwnerNum": 2,
          "modifier": 0,
          "active": true,
          "StateChanged": false,
          "modelID": "SnakeBody",
          "MapPosXY": {
            "x": 18,
            "y": 7,
            "magnitude": 19.313208,
            "sqrMagnitude": 373
          },
          "floatPos": {
            "X": 18.0,
            "Y": 7.0
          },
          "GravityData": null
        }
      ],
      [
        {
          "active": true,
          "StateChanged": false,
          "modelID": "Shuriken",
          "MapPosXY": {
            "x": 18,
            "y": 8,
            "magnitude": 19.697716,
            "sqrMagnitude": 388
          },
          "floatPos": {
            "X": 0.0,
            "Y": 0.0
          },
          "GravityData": null
        }
      ],
      [],
      [],
      [],
      [],
      [],
      [],
      [],
      [],
      [],
      [],
      []
    ],
    [
      [],
      [],
      [],
      [],
      [],
      [],
      [],
      [
        {
          "$type": "Models.descendants.ByInstance.SnakeBody, Models",
          "bodynum": 5,
          "OwnerNum": 2,
          "modifier": 1,
          "active": true,
          "StateChanged": false,
          "modelID": "SnakeBody",
          "MapPosXY": {
            "x": 19,
            "y": 7,
            "magnitude": 20.248457,
            "sqrMagnitude": 410
          },
          "floatPos": {
            "X": 19.0,
            "Y": 7.0
          },
          "GravityData": null
        }
      ],
      [],
      [],
      [],
      [],
      [],
      [],
      [],
      [],
      [],
      [],
      [],
      []
    ],
    [
      [],
      [],
      [],
      [],
      [],
      [],
      [],
      [
        {
          "$type": "Models.descendants.ByInstance.SnakeBody, Models",
          "bodynum": 6,
          "OwnerNum": 2,
          "modifier": 0,
          "active": true,
          "StateChanged": false,
          "modelID": "SnakeBody",
          "MapPosXY": {
            "x": 20,
            "y": 7,
            "magnitude": 21.189621,
            "sqrMagnitude": 449
          },
          "floatPos": {
            "X": 20.0,
            "Y": 7.0
          },
          "GravityData": null
        }
      ],
      [
        {
          "active": true,
          "StateChanged": false,
          "modelID": "Brick",
          "MapPosXY": {
            "x": 20,
            "y": 8,
            "magnitude": 21.540659,
            "sqrMagnitude": 464
          },
          "floatPos": {
            "X": 0.0,
            "Y": 0.0
          },
          "GravityData": null
        }
      ],
      [],
      [],
      [],
      [],
      [],
      [],
      [],
      [],
      [],
      [],
      []
    ],
    [
      [],
      [],
      [],
      [],
      [],
      [],
      [],
      [],
      [],
      [],
      [],
      [],
      [],
      [],
      [],
      [],
      [],
      [],
      [],
      []
    ],
    [
      [],
      [],
      [],
      [],
      [],
      [],
      [],
      [],
      [],
      [],
      [],
      [],
      [],
      [],
      [],
      [],
      [],
      [],
      [],
      []
    ],
    [
      [],
      [],
      [],
      [],
      [],
      [],
      [],
      [],
      [],
      [],
      [],
      [],
      [],
      [],
      [],
      [],
      [],
      [],
      [],
      []
    ],
    [
      [],
      [],
      [],
      [],
      [],
      [],
      [],
      [],
      [],
      [],
      [],
      [],
      [],
      [],
      [],
      [],
      [],
      [],
      [],
      []
    ],
    [
      [],
      [],
      [],
      [],
      [],
      [],
      [],
      [],
      [],
      [],
      [],
      [],
      [],
      [],
      [],
      [],
      [],
      [],
      [],
      []
    ],
    [
      [],
      [],
      [],
      [],
      [],
      [],
      [],
      [],
      [],
      [],
      [],
      [],
      [],
      [],
      [],
      [],
      [],
      [],
      [],
      []
    ],
    [
      [],
      [],
      [],
      [],
      [],
      [],
      [],
      [],
      [],
      [],
      [],
      [],
      [],
      [],
      [],
      [],
      [],
      [],
      [],
      []
    ],
    [
      [],
      [],
      [],
      [],
      [],
      [],
      [],
      [],
      [],
      [],
      [],
      [],
      [],
      [],
      [],
      [],
      [],
      [],
      [],
      []
    ],
    [
      [],
      [],
      [],
      [],
      [],
      [],
      [],
      [],
      [],
      [],
      [],
      [],
      [],
      [],
      [],
      [],
      [],
      [],
      [],
      []
    ]
  ]
}