{
  "Map": [
    [
      [],
      [],
      [],
      [],
      [],
      [],
      [],
      [],
      [],
      [],
      [],
      [],
      [],
      [],
      [],
      [],
      [],
      [],
      [],
      []
    ],
    [
      [],
      [],
      [],
      [],
      [],
      [],
      [],
      [],
      [],
      [],
      [],
      [],
      [],
      [],
      [],
      [],
      [],
      [],
      [],
      []
    ],
    [
      [],
      [],
      [],
      [],
      [],
      [],
      [],
      [],
      [],
      [],
      [],
      [],
      [],
      [],
      [],
      [],
      [],
      [],
      [],
      []
    ],
    [
      [],
      [],
      [],
      [],
      [],
      [],
      [],
      [],
      [],
      [],
      [],
      [],
      [],
      [],
      [],
      [],
      [],
      [],
      [],
      []
    ],
    [
      [],
      [],
      [],
      [],
      [],
      [],
      [],
      [],
      [],
      [],
      [],
      [],
      [],
      [],
      [],
      [],
      [],
      [],
      [],
      []
    ],
    [
      [],
      [],
      [],
      [],
      [],
      [],
      [],
      [],
      [],
      [],
      [],
      [],
      [],
      [],
      [],
      [],
      [],
      [],
      [],
      []
    ],
    [
      [],
      [],
      [],
      [],
      [
        {
          "active": true,
          "StateChanged": false,
          "modelID": "Stone",
          "MapPosXY": {
            "x": 6,
            "y": 4,
            "magnitude": 7.2111025,
            "sqrMagnitude": 52
          },
          "floatPos": {
            "X": 6.0,
            "Y": 4.0
          },
          "GravityData": {
            "fallCount": 0,
            "Fix": false,
            "UnderExamination": false,
            "Examined": false,
            "GotDestroyed": false
          }
        }
      ],
      [
        {
          "active": true,
          "StateChanged": false,
          "modelID": "Brick",
          "MapPosXY": {
            "x": 6,
            "y": 5,
            "magnitude": 7.81025,
            "sqrMagnitude": 61
          },
          "floatPos": {
            "X": 0.0,
            "Y": 0.0
          },
          "GravityData": null
        }
      ],
      [],
      [],
      [],
      [],
      [
        {
          "$type": "Models.descendants.ByInstance.SnakeHead, Models",
          "bodies": [
            {
              "bodynum": 1,
              "OwnerNum": 0,
              "modifier": 1,
              "active": true,
              "StateChanged": false,
              "modelID": "SnakeBody",
              "MapPosXY": {
                "x": 6,
                "y": 11,
                "magnitude": 12.529964,
                "sqrMagnitude": 157
              },
              "floatPos": {
                "X": 6.0,
                "Y": 11.0
              },
              "GravityData": null
            },
            {
              "bodynum": 2,
              "OwnerNum": 0,
              "modifier": 0,
              "active": true,
              "StateChanged": false,
              "modelID": "SnakeBody",
              "MapPosXY": {
                "x": 6,
                "y": 12,
                "magnitude": 13.416408,
                "sqrMagnitude": 180
              },
              "floatPos": {
                "X": 6.0,
                "Y": 12.0
              },
              "GravityData": null
            }
          ],
          "DeathUnder": false,
          "OwnerNum": 0,
          "modifier": 0,
          "active": true,
          "StateChanged": false,
          "modelID": "SnakeHead",
          "MapPosXY": {
            "x": 6,
            "y": 10,
            "magnitude": 11.661903,
            "sqrMagnitude": 136
          },
          "floatPos": {
            "X": 6.0,
            "Y": 10.0
          },
          "GravityData": {
            "fallCount": 0,
            "Fix": false,
            "UnderExamination": false,
            "Examined": false,
            "GotDestroyed": false
          }
        }
      ],
      [
        {
          "$type": "Models.descendants.ByInstance.SnakeBody, Models",
          "bodynum": 1,
          "OwnerNum": 0,
          "modifier": 1,
          "active": true,
          "StateChanged": false,
          "modelID": "SnakeBody",
          "MapPosXY": {
            "x": 6,
            "y": 11,
            "magnitude": 12.529964,
            "sqrMagnitude": 157
          },
          "floatPos": {
            "X": 6.0,
            "Y": 11.0
          },
          "GravityData": null
        }
      ],
      [
        {
          "$type": "Models.descendants.ByInstance.SnakeBody, Models",
          "bodynum": 2,
          "OwnerNum": 0,
          "modifier": 0,
          "active": true,
          "StateChanged": false,
          "modelID": "SnakeBody",
          "MapPosXY": {
            "x": 6,
            "y": 12,
            "magnitude": 13.416408,
            "sqrMagnitude": 180
          },
          "floatPos": {
            "X": 6.0,
            "Y": 12.0
          },
          "GravityData": null
        }
      ],
      [
        {
          "active": true,
          "StateChanged": false,
          "modelID": "Brick",
          "MapPosXY": {
            "x": 6,
            "y": 13,
            "magnitude": 14.3178215,
            "sqrMagnitude": 205
          },
          "floatPos": {
            "X": 0.0,
            "Y": 0.0
          },
          "GravityData": null
        }
      ],
      [],
      [],
      [],
      [],
      [],
      []
    ],
    [
      [],
      [],
      [],
      [],
      [],
      [],
      [],
      [
        {
          "active": true,
          "StateChanged": false,
          "modelID": "Brick",
          "MapPosXY": {
            "x": 7,
            "y": 7,
            "magnitude": 9.899495,
            "sqrMagnitude": 98
          },
          "floatPos": {
            "X": 0.0,
            "Y": 0.0
          },
          "GravityData": null
        }
      ],
      [],
      [],
      [
        {
          "$type": "Models.descendants.ByInstance.SnakeHead, Models",
          "bodies": [
            {
              "bodynum": 1,
              "OwnerNum": 1,
              "modifier": 1,
              "active": true,
              "StateChanged": false,
              "modelID": "SnakeBody",
              "MapPosXY": {
                "x": 7,
                "y": 11,
                "magnitude": 13.038404,
                "sqrMagnitude": 170
              },
              "floatPos": {
                "X": 7.0,
                "Y": 11.0
              },
              "GravityData": null
            },
            {
              "bodynum": 2,
              "OwnerNum": 1,
              "modifier": 0,
              "active": true,
              "StateChanged": false,
              "modelID": "SnakeBody",
              "MapPosXY": {
                "x": 7,
                "y": 12,
                "magnitude": 13.892444,
                "sqrMagnitude": 193
              },
              "floatPos": {
                "X": 7.0,
                "Y": 12.0
              },
              "GravityData": null
            }
          ],
          "DeathUnder": false,
          "OwnerNum": 1,
          "modifier": 0,
          "active": true,
          "StateChanged": false,
          "modelID": "SnakeHead",
          "MapPosXY": {
            "x": 7,
            "y": 10,
            "magnitude": 12.206555,
            "sqrMagnitude": 149
          },
          "floatPos": {
            "X": 7.0,
            "Y": 10.0
          },
          "GravityData": {
            "fallCount": 0,
            "Fix": false,
            "UnderExamination": false,
            "Examined": false,
            "GotDestroyed": false
          }
        }
      ],
      [
        {
          "$type": "Models.descendants.ByInstance.SnakeBody, Models",
          "bodynum": 1,
          "OwnerNum": 1,
          "modifier": 1,
          "active": true,
          "StateChanged": false,
          "modelID": "SnakeBody",
          "MapPosXY": {
            "x": 7,
            "y": 11,
            "magnitude": 13.038404,
            "sqrMagnitude": 170
          },
          "floatPos": {
            "X": 7.0,
            "Y": 11.0
          },
          "GravityData": null
        }
      ],
      [
        {
          "$type": "Models.descendants.ByInstance.SnakeBody, Models",
          "bodynum": 2,
          "OwnerNum": 1,
          "modifier": 0,
          "active": true,
          "StateChanged": false,
          "modelID": "SnakeBody",
          "MapPosXY": {
            "x": 7,
            "y": 12,
            "magnitude": 13.892444,
            "sqrMagnitude": 193
          },
          "floatPos": {
            "X": 7.0,
            "Y": 12.0
          },
          "GravityData": null
        }
      ],
      [
        {
          "active": true,
          "StateChanged": false,
          "modelID": "Brick",
          "MapPosXY": {
            "x": 7,
            "y": 13,
            "magnitude": 14.764823,
            "sqrMagnitude": 218
          },
          "floatPos": {
            "X": 0.0,
            "Y": 0.0
          },
          "GravityData": null
        }
      ],
      [],
      [],
      [],
      [],
      [],
      []
    ],
    [
      [],
      [],
      [],
      [],
      [
        {
          "active": true,
          "StateChanged": false,
          "modelID": "Stone",
          "MapPosXY": {
            "x": 8,
            "y": 4,
            "magnitude": 8.944272,
            "sqrMagnitude": 80
          },
          "floatPos": {
            "X": 8.0,
            "Y": 4.0
          },
          "GravityData": {
            "fallCount": 0,
            "Fix": false,
            "UnderExamination": false,
            "Examined": false,
            "GotDestroyed": false
          }
        }
      ],
      [
        {
          "active": true,
          "StateChanged": false,
          "modelID": "Brick",
          "MapPosXY": {
            "x": 8,
            "y": 5,
            "magnitude": 9.433981,
            "sqrMagnitude": 89
          },
          "floatPos": {
            "X": 0.0,
            "Y": 0.0
          },
          "GravityData": null
        }
      ],
      [],
      [],
      [],
      [],
      [
        {
          "$type": "Models.descendants.ByInstance.SnakeHead, Models",
          "bodies": [
            {
              "bodynum": 1,
              "OwnerNum": 2,
              "modifier": 1,
              "active": true,
              "StateChanged": false,
              "modelID": "SnakeBody",
              "MapPosXY": {
                "x": 8,
                "y": 11,
                "magnitude": 13.601471,
                "sqrMagnitude": 185
              },
              "floatPos": {
                "X": 8.0,
                "Y": 11.0
              },
              "GravityData": null
            },
            {
              "bodynum": 2,
              "OwnerNum": 2,
              "modifier": 0,
              "active": true,
              "StateChanged": false,
              "modelID": "SnakeBody",
              "MapPosXY": {
                "x": 8,
                "y": 12,
                "magnitude": 14.422205,
                "sqrMagnitude": 208
              },
              "floatPos": {
                "X": 8.0,
                "Y": 12.0
              },
              "GravityData": null
            }
          ],
          "DeathUnder": false,
          "OwnerNum": 2,
          "modifier": 0,
          "active": true,
          "StateChanged": false,
          "modelID": "SnakeHead",
          "MapPosXY": {
            "x": 8,
            "y": 10,
            "magnitude": 12.806249,
            "sqrMagnitude": 164
          },
          "floatPos": {
            "X": 8.0,
            "Y": 10.0
          },
          "GravityData": {
            "fallCount": 0,
            "Fix": false,
            "UnderExamination": false,
            "Examined": false,
            "GotDestroyed": false
          }
        }
      ],
      [
        {
          "$type": "Models.descendants.ByInstance.SnakeBody, Models",
          "bodynum": 1,
          "OwnerNum": 2,
          "modifier": 1,
          "active": true,
          "StateChanged": false,
          "modelID": "SnakeBody",
          "MapPosXY": {
            "x": 8,
            "y": 11,
            "magnitude": 13.601471,
            "sqrMagnitude": 185
          },
          "floatPos": {
            "X": 8.0,
            "Y": 11.0
          },
          "GravityData": null
        }
      ],
      [
        {
          "$type": "Models.descendants.ByInstance.SnakeBody, Models",
          "bodynum": 2,
          "OwnerNum": 2,
          "modifier": 0,
          "active": true,
          "StateChanged": false,
          "modelID": "SnakeBody",
          "MapPosXY": {
            "x": 8,
            "y": 12,
            "magnitude": 14.422205,
            "sqrMagnitude": 208
          },
          "floatPos": {
            "X": 8.0,
            "Y": 12.0
          },
          "GravityData": null
        }
      ],
      [
        {
          "active": true,
          "StateChanged": false,
          "modelID": "Brick",
          "MapPosXY": {
            "x": 8,
            "y": 13,
            "magnitude": 15.264338,
            "sqrMagnitude": 233
          },
          "floatPos": {
            "X": 0.0,
            "Y": 0.0
          },
          "GravityData": null
        }
      ],
      [],
      [],
      [],
      [],
      [],
      []
    ],
    [
      [],
      [],
      [],
      [],
      [],
      [],
      [],
      [],
      [],
      [],
      [],
      [],
      [],
      [],
      [],
      [],
      [],
      [],
      [],
      []
    ],
    [
      [],
      [],
      [],
      [],
      [],
      [],
      [],
      [],
      [],
      [],
      [
        {
          "active": true,
          "StateChanged": false,
          "modelID": "Spike",
          "MapPosXY": {
            "x": 10,
            "y": 10,
            "magnitude": 14.142136,
            "sqrMagnitude": 200
          },
          "floatPos": {
            "X": 0.0,
            "Y": 0.0
          },
          "GravityData": null
        }
      ],
      [
        {
          "active": true,
          "StateChanged": false,
          "modelID": "Spike",
          "MapPosXY": {
            "x": 10,
            "y": 11,
            "magnitude": 14.866069,
            "sqrMagnitude": 221
          },
          "floatPos": {
            "X": 0.0,
            "Y": 0.0
          },
          "GravityData": null
        }
      ],
      [],
      [],
      [],
      [],
      [],
      [],
      [],
      []
    ],
    [
      [],
      [],
      [],
      [],
      [],
      [],
      [],
      [],
      [],
      [],
      [],
      [],
      [],
      [],
      [
        {
          "active": true,
          "StateChanged": false,
          "modelID": "Shuriken",
          "MapPosXY": {
            "x": 11,
            "y": 14,
            "magnitude": 17.804493,
            "sqrMagnitude": 317
          },
          "floatPos": {
            "X": 0.0,
            "Y": 0.0
          },
          "GravityData": null
        }
      ],
      [],
      [],
      [],
      [],
      []
    ],
    [
      [],
      [],
      [],
      [],
      [],
      [
        {
          "active": true,
          "StateChanged": false,
          "modelID": "Brick",
          "MapPosXY": {
            "x": 12,
            "y": 5,
            "magnitude": 13.0,
            "sqrMagnitude": 169
          },
          "floatPos": {
            "X": 0.0,
            "Y": 0.0
          },
          "GravityData": null
        }
      ],
      [
        {
          "active": true,
          "StateChanged": false,
          "modelID": "Spike",
          "MapPosXY": {
            "x": 12,
            "y": 6,
            "magnitude": 13.416408,
            "sqrMagnitude": 180
          },
          "floatPos": {
            "X": 0.0,
            "Y": 0.0
          },
          "GravityData": null
        }
      ],
      [
        {
          "active": true,
          "StateChanged": false,
          "modelID": "Spike",
          "MapPosXY": {
            "x": 12,
            "y": 7,
            "magnitude": 13.892444,
            "sqrMagnitude": 193
          },
          "floatPos": {
            "X": 0.0,
            "Y": 0.0
          },
          "GravityData": null
        }
      ],
      [],
      [],
      [],
      [],
      [],
      [],
      [
        {
          "active": true,
          "StateChanged": false,
          "modelID": "Shuriken",
          "MapPosXY": {
            "x": 12,
            "y": 14,
            "magnitude": 18.439089,
            "sqrMagnitude": 340
          },
          "floatPos": {
            "X": 0.0,
            "Y": 0.0
          },
          "GravityData": null
        }
      ],
      [],
      [],
      [],
      [],
      []
    ],
    [
      [],
      [],
      [],
      [],
      [
        {
          "active": true,
          "StateChanged": false,
          "modelID": "Apple",
          "MapPosXY": {
            "x": 13,
            "y": 4,
            "magnitude": 13.601471,
            "sqrMagnitude": 185
          },
          "floatPos": {
            "X": 0.0,
            "Y": 0.0
          },
          "GravityData": null
        }
      ],
      [
        {
          "active": true,
          "StateChanged": false,
          "modelID": "Brick",
          "MapPosXY": {
            "x": 13,
            "y": 5,
            "magnitude": 13.928389,
            "sqrMagnitude": 194
          },
          "floatPos": {
            "X": 0.0,
            "Y": 0.0
          },
          "GravityData": null
        }
      ],
      [
        {
          "active": true,
          "StateChanged": false,
          "modelID": "Stone",
          "MapPosXY": {
            "x": 13,
            "y": 6,
            "magnitude": 14.3178215,
            "sqrMagnitude": 205
          },
          "floatPos": {
            "X": 13.0,
            "Y": 6.0
          },
          "GravityData": {
            "fallCount": 0,
            "Fix": false,
            "UnderExamination": false,
            "Examined": false,
            "GotDestroyed": false
          }
        }
      ],
      [
        {
          "active": true,
          "StateChanged": false,
          "modelID": "Brick",
          "MapPosXY": {
            "x": 13,
            "y": 7,
            "magnitude": 14.764823,
            "sqrMagnitude": 218
          },
          "floatPos": {
            "X": 0.0,
            "Y": 0.0
          },
          "GravityData": null
        }
      ],
      [
        {
          "active": true,
          "StateChanged": false,
          "modelID": "Shuriken",
          "MapPosXY": {
            "x": 13,
            "y": 8,
            "magnitude": 15.264338,
            "sqrMagnitude": 233
          },
          "floatPos": {
            "X": 0.0,
            "Y": 0.0
          },
          "GravityData": null
        }
      ],
      [
        {
          "active": true,
          "StateChanged": false,
          "modelID": "Shuriken",
          "MapPosXY": {
            "x": 13,
            "y": 9,
            "magnitude": 15.811388,
            "sqrMagnitude": 250
          },
          "floatPos": {
            "X": 0.0,
            "Y": 0.0
          },
          "GravityData": null
        }
      ],
      [
        {
          "active": true,
          "StateChanged": false,
          "modelID": "Shuriken",
          "MapPosXY": {
            "x": 13,
            "y": 10,
            "magnitude": 16.40122,
            "sqrMagnitude": 269
          },
          "floatPos": {
            "X": 0.0,
            "Y": 0.0
          },
          "GravityData": null
        }
      ],
      [
        {
          "active": true,
          "StateChanged": false,
          "modelID": "Shuriken",
          "MapPosXY": {
            "x": 13,
            "y": 11,
            "magnitude": 17.029387,
            "sqrMagnitude": 290
          },
          "floatPos": {
            "X": 0.0,
            "Y": 0.0
          },
          "GravityData": null
        }
      ],
      [],
      [],
      [
        {
          "active": true,
          "StateChanged": false,
          "modelID": "Brick",
          "MapPosXY": {
            "x": 13,
            "y": 14,
            "magnitude": 19.104973,
            "sqrMagnitude": 365
          },
          "floatPos": {
            "X": 0.0,
            "Y": 0.0
          },
          "GravityData": null
        }
      ],
      [],
      [],
      [],
      [],
      []
    ],
    [
      [],
      [],
      [],
      [],
      [],
      [],
      [],
      [
        {
          "active": true,
          "StateChanged": false,
          "modelID": "Brick",
          "MapPosXY": {
            "x": 14,
            "y": 7,
            "magnitude": 15.652476,
            "sqrMagnitude": 245
          },
          "floatPos": {
            "X": 0.0,
            "Y": 0.0
          },
          "GravityData": null
        }
      ],
      [],
      [],
      [],
      [],
      [],
      [],
      [],
      [],
      [],
      [],
      [],
      []
    ],
    [
      [],
      [],
      [],
      [],
      [],
      [
        {
          "active": true,
          "StateChanged": false,
          "modelID": "BlackApple",
          "MapPosXY": {
            "x": 15,
            "y": 5,
            "magnitude": 15.811388,
            "sqrMagnitude": 250
          },
          "floatPos": {
            "X": 0.0,
            "Y": 0.0
          },
          "GravityData": null
        }
      ],
      [
        {
          "active": true,
          "StateChanged": false,
          "modelID": "BlackApple",
          "MapPosXY": {
            "x": 15,
            "y": 6,
            "magnitude": 16.155495,
            "sqrMagnitude": 261
          },
          "floatPos": {
            "X": 0.0,
            "Y": 0.0
          },
          "GravityData": null
        }
      ],
      [
        {
          "active": true,
          "StateChanged": false,
          "modelID": "Brick",
          "MapPosXY": {
            "x": 15,
            "y": 7,
            "magnitude": 16.552946,
            "sqrMagnitude": 274
          },
          "floatPos": {
            "X": 0.0,
            "Y": 0.0
          },
          "GravityData": null
        }
      ],
      [],
      [],
      [],
      [
        {
          "active": true,
          "StateChanged": false,
          "modelID": "Brick",
          "MapPosXY": {
            "x": 15,
            "y": 11,
            "magnitude": 18.601076,
            "sqrMagnitude": 346
          },
          "floatPos": {
            "X": 0.0,
            "Y": 0.0
          },
          "GravityData": null
        }
      ],
      [],
      [],
      [],
      [],
      [],
      [],
      [],
      []
    ],
    [
      [],
      [],
      [],
      [],
      [],
      [],
      [],
      [],
      [],
      [
        {
          "active": true,
          "StateChanged": false,
          "modelID": "Brick",
          "MapPosXY": {
            "x": 16,
            "y": 9,
            "magnitude": 18.35756,
            "sqrMagnitude": 337
          },
          "floatPos": {
            "X": 0.0,
            "Y": 0.0
          },
          "GravityData": null
        }
      ],
      [],
      [],
      [],
      [
        {
          "active": true,
          "StateChanged": false,
          "modelID": "Brick",
          "MapPosXY": {
            "x": 16,
            "y": 13,
            "magnitude": 20.615528,
            "sqrMagnitude": 425
          },
          "floatPos": {
            "X": 0.0,
            "Y": 0.0
          },
          "GravityData": null
        }
      ],
      [],
      [],
      [],
      [],
      [],
      []
    ],
    [
      [],
      [],
      [],
      [],
      [],
      [],
      [],
      [],
      [],
      [],
      [],
      [],
      [],
      [],
      [],
      [],
      [],
      [],
      [],
      []
    ],
    [
      [],
      [],
      [],
      [],
      [],
      [],
      [],
      [],
      [],
      [],
      [],
      [],
      [],
      [],
      [],
      [],
      [],
      [],
      [],
      []
    ],
    [
      [],
      [],
      [],
      [],
      [],
      [],
      [],
      [
        {
          "active": true,
          "StateChanged": false,
          "modelID": "Goal",
          "MapPosXY": {
            "x": 19,
            "y": 7,
            "magnitude": 20.248457,
            "sqrMagnitude": 410
          },
          "floatPos": {
            "X": 0.0,
            "Y": 0.0
          },
          "GravityData": null
        }
      ],
      [],
      [],
      [],
      [],
      [],
      [],
      [],
      [],
      [],
      [],
      [],
      []
    ],
    [
      [],
      [],
      [],
      [],
      [],
      [],
      [],
      [],
      [],
      [],
      [],
      [],
      [],
      [],
      [],
      [],
      [],
      [],
      [],
      []
    ],
    [
      [],
      [],
      [],
      [],
      [],
      [],
      [],
      [],
      [],
      [],
      [],
      [],
      [],
      [],
      [],
      [],
      [],
      [],
      [],
      []
    ],
    [
      [],
      [],
      [],
      [],
      [],
      [],
      [],
      [],
      [],
      [],
      [],
      [],
      [],
      [],
      [],
      [],
      [],
      [],
      [],
      []
    ],
    [
      [],
      [],
      [],
      [],
      [],
      [],
      [],
      [],
      [],
      [],
      [],
      [],
      [],
      [],
      [],
      [],
      [],
      [],
      [],
      []
    ],
    [
      [],
      [],
      [],
      [],
      [],
      [],
      [],
      [],
      [],
      [],
      [],
      [],
      [],
      [],
      [],
      [],
      [],
      [],
      [],
      []
    ],
    [
      [],
      [],
      [],
      [],
      [],
      [],
      [],
      [],
      [],
      [],
      [],
      [],
      [],
      [],
      [],
      [],
      [],
      [],
      [],
      []
    ],
    [
      [],
      [],
      [],
      [],
      [],
      [],
      [],
      [],
      [],
      [],
      [],
      [],
      [],
      [],
      [],
      [],
      [],
      [],
      [],
      []
    ],
    [
      [],
      [],
      [],
      [],
      [],
      [],
      [],
      [],
      [],
      [],
      [],
      [],
      [],
      [],
      [],
      [],
      [],
      [],
      [],
      []
    ],
    [
      [],
      [],
      [],
      [],
      [],
      [],
      [],
      [],
      [],
      [],
      [],
      [],
      [],
      [],
      [],
      [],
      [],
      [],
      [],
      []
    ],
    [
      [],
      [],
      [],
      [],
      [],
      [],
      [],
      [],
      [],
      [],
      [],
      [],
      [],
      [],
      [],
      [],
      [],
      [],
      [],
      []
    ]
  ]
}