{"0":{"file":"Basic.png","PlayerNum":2,"ThreeStarSteps":24,"TwoStarSteps":30,"OneStarSteps":42,"MinimalSteps":20,"NoHeadpush_Possible":true,"Data":{}},"1":{"file":"Basic.png","PlayerNum":2,"ThreeStarSteps":33,"TwoStarSteps":42,"OneStarSteps":58,"MinimalSteps":28,"NoHeadpush_Possible":true,"Data":{}},"2":{"file":"Basic.png","PlayerNum":1,"ThreeStarSteps":30,"TwoStarSteps":37,"OneStarSteps":52,"MinimalSteps":25,"NoHeadpush_Possible":false,"Data":{}},"3":{"file":"Basic.png","PlayerNum":1,"ThreeStarSteps":81,"TwoStarSteps":102,"OneStarSteps":142,"MinimalSteps":68,"NoHeadpush_Possible":false,"Data":{}},"4":{"file":"Basic.png","PlayerNum":1,"ThreeStarSteps":56,"TwoStarSteps":70,"OneStarSteps":98,"MinimalSteps":47,"NoHeadpush_Possible":false,"Data":{}},"5":{"file":"Basic.png","PlayerNum":3,"ThreeStarSteps":102,"TwoStarSteps":127,"OneStarSteps":178,"MinimalSteps":85,"NoHeadpush_Possible":true,"Data":{}},"6":{"file":"Basic.png","PlayerNum":3,"ThreeStarSteps":200,"TwoStarSteps":250,"OneStarSteps":300,"MinimalSteps":170,"NoHeadpush_Possible":true,"Data":{}}}